{
  "entity.zombie.ambient": {
	"replace": "true",
    "sounds": [
      "mob/zombie/say1",
      "mob/zombie/say2",
      "mob/zombie/say3",
      "zombiescustom/say4",
      "zombiescustom/say5",
      "zombiescustom/say6",
      "zombiescustom/say7",
      "zombiescustom/say8",
      "zombiescustom/say9",
      "zombiescustom/say10",
      "zombiescustom/say11",
      "zombiescustom/say12",
      "zombiescustom/say13",
      "zombiescustom/say14",
      "zombiescustom/say15",
      "zombiescustom/say16",
      "zombiescustom/say17",
      "zombiescustom/say18",
      "zombiescustom/say19",
	  "zombiescustom/say20",
	  "zombiescustom/say21",
	  "zombiescustom/say22",
	  "zombiescustom/say23",
	  "zombiescustom/say24",
	  "zombiescustom/say25",
	  "zombiescustom/say26",
	  "zombiescustom/say27",
	  "zombiescustom/say28",
	  "zombiescustom/say29",
	  "zombiescustom/say30",
	  "zombiescustom/say31",
	  "zombiescustom/say32",
	  "zombiescustom/say33",
	  "zombiescustom/say34",
	  "zombiescustom/say35",
	  "zombiescustom/say36",
	  "zombiescustom/say37",
	  "zombiescustom/say38",
	  "zombiescustom/say39",
	  "zombiescustom/say40",
	  "zombiescustom/say41",
	  "zombiescustom/say42",
	  "zombiescustom/say43",
	  "zombiescustom/say44",
	  "zombiescustom/say45",
	  "zombiescustom/say46",
	  "zombiescustom/say47",
	  "zombiescustom/say48",
	  "zombiescustom/say49",
	  "zombiescustom/say50",
	  "zombiescustom/say51",
	  "zombiescustom/say52",
	  "zombiescustom/say53",
	  "zombiescustom/say54",
	  "zombiescustom/say55",
	  "zombiescustom/say56",
	  "zombiescustom/say57",
	  "zombiescustom/say58",
	  "zombiescustom/say59",
	  "zombiescustom/say60",
	  "zombiescustom/say61",
	  "zombiescustom/say62",
	  "zombiescustom/say63",
	  "zombiescustom/say64",
	  "zombiescustom/say65",
	  "zombiescustom/say66",
	  "zombiescustom/say67",
	  "zombiescustom/say68",
	  "zombiescustom/say69",
	  "zombiescustom/say70",
	  "zombiescustom/say71",
	  "zombiescustom/say72",
	  "zombiescustom/say73",
	  "zombiescustom/say74",
	  "zombiescustom/say75",
	  "zombiescustom/say76",
	  "zombiescustom/say77",
	  "zombiescustom/say78",
	  "zombiescustom/say79",
	  "zombiescustom/say80",
	  "zombiescustom/say81",
	  "zombiescustom/say82",
	  "zombiescustom/say83",
	  "zombiescustom/say84",
	  "zombiescustom/say85",
	  "zombiescustom/say86",
	  "zombiescustom/say87",
	  "zombiescustom/say88",
	  "zombiescustom/say89",
	  "zombiescustom/say90",
	  "zombiescustom/say91",
	  "zombiescustom/say92",
	  "zombiescustom/say93",
	  "zombiescustom/say94",
	  "zombiescustom/say95",
	  "zombiescustom/say96",
	  "zombiescustom/say97",
	  "zombiescustom/say98",
	  "zombiescustom/say99",
	  "zombiescustom/say100",
	  "zombiescustom/say101",
	  "zombiescustom/say102",
	  "zombiescustom/say103",
	  "zombiescustom/say104",
	  "zombiescustom/say105",
	  "zombiescustom/say106",
	  "zombiescustom/say107",
	  "zombiescustom/say108",
	  "zombiescustom/say109",
	  "zombiescustom/say110",
	  "zombiescustom/say111",
	  "zombiescustom/say112",
	  "zombiescustom/say113",
	  "zombiescustom/say114",
	  "zombiescustom/say115",
	  "zombiescustom/say116",
	  "zombiescustom/say117",
	  "zombiescustom/say118",
	  "zombiescustom/say119",
	  "zombiescustom/say120",
	  "zombiescustom/say121",
	  "zombiescustom/say122",
	  "zombiescustom/say123",
	  "zombiescustom/say124",
	  "zombiescustom/say125",
	  "zombiescustom/say129",
	  "zombiescustom/say130",
	  "zombiescustom/say131",
	  "zombiescustom/say132",
	  "zombiescustom/say133",
	  "zombiescustom/say134",
	  "zombiescustom/say135",
	  "zombiescustom/say136",
	  "zombiescustom/say137",
	  "zombiescustom/say138",
	  "zombiescustom/say139",
	  "zombiescustom/say140",
	  "zombiescustom/say141",
	  "zombiescustom/say142",
	  "zombiescustom/say143",
	  "zombiescustom/say144",
	  "zombiescustom/say145",
	  "zombiescustom/say146",
	  "zombiescustom/say147",
	  "zombiescustom/say148",
	  "zombiescustom/say149",
	  "zombiescustom/say150",
	  "zombiescustom/say151",
	  "zombiescustom/say152",
	  "zombiescustom/say153",
	  "zombiescustom/say154",
	  "zombiescustom/say155",
	  "zombiescustom/say156",
	  "zombiescustom/say157",
	  "zombiescustom/say158",
	  "zombiescustom/say159",
	  "zombiescustom/say160",
	  "zombiescustom/say161",
	  "zombiescustom/say162",
	  "zombiescustom/say163",
	  "zombiescustom/say164",
	  "zombiescustom/say165",
	  "zombiescustom/say166",
	  "zombiescustom/say167",
	  "zombiescustom/say168",
	  "zombiescustom/say169",
	  "zombiescustom/say170",
	  "zombiescustom/say171",
	  "zombiescustom/say172",
	  "zombiescustom/say173",
	  "zombiescustom/say174",
	  "zombiescustom/say175",
	  "zombiescustom/say176",
	  "zombiescustom/say177",
	  "zombiescustom/say178",
	  "zombiescustom/say179",
	  "zombiescustom/say180",
	  "zombiescustom/say181",
	  "zombiescustom/say182",
	  "zombiescustom/say183",
	  "zombiescustom/say184",
	  "zombiescustom/say185",
	  "zombiescustom/say186",
	  "zombiescustom/say187",
	  "zombiescustom/say188",
	  "zombiescustom/say189",
	  "zombiescustom/say190",
	  "zombiescustom/say191",
	  "zombiescustom/say192",
	  "zombiescustom/say193",
	  "zombiescustom/say194",
	  "zombiescustom/say195",
	  "zombiescustom/say196",
	  "zombiescustom/say197",
	  "zombiescustom/say198",
	  "zombiescustom/say199",
	  "zombiescustom/say200",
	  "zombiescustom/say201",
	  "zombiescustom/say202",
	  "zombiescustom/say203",
	  "zombiescustom/say204"
	  
    ],
    "subtitle": "subtitles.entity.zombie.ambient"
	  },
"entity.zombie.hurt": {
	"replace": "true",
    "sounds": [
      "mob/zombie/hurt1",
      "mob/zombie/hurt2",
	  "zombiescustom/hurt3",
      "zombiescustom/hurt4",
      "zombiescustom/hurt5",
      "zombiescustom/hurt6",
      "zombiescustom/hurt7",
      "zombiescustom/hurt8",
      "zombiescustom/hurt9",
      "zombiescustom/hurt10",
      "zombiescustom/hurt11",
      "zombiescustom/hurt12",
      "zombiescustom/hurt13",
      "zombiescustom/hurt14",
      "zombiescustom/hurt15",
	  "zombiescustom/hurt16",
	  "zombiescustom/hurt17",
	  "zombiescustom/hurt18",
	  "zombiescustom/hurt19",
	  "zombiescustom/hurt20",
	  "zombiescustom/hurt21",
	  "zombiescustom/hurt22",
	  "zombiescustom/hurt23",
	  "zombiescustom/hurt24",
	  "zombiescustom/hurt25",
	  "zombiescustom/hurt26",
	  "zombiescustom/hurt27",
	  "zombiescustom/hurt28",
      "zombiescustom/hurt29",
	  "zombiescustom/hurt30",
	  "zombiescustom/hurt31",
	  "zombiescustom/hurt32",
	  "zombiescustom/hurt33",
	  "zombiescustom/hurt34",
	  "zombiescustom/hurt35",
	  "zombiescustom/hurt36",
	  "zombiescustom/hurt37",
	  "zombiescustom/hurt38",
	  "zombiescustom/hurt39",
	  "zombiescustom/hurt40",
	  "zombiescustom/hurt41",
	  "zombiescustom/hurt42",
	  "zombiescustom/hurt43",
	  "zombiescustom/hurt44",
	  "zombiescustom/hurt45",
	  "zombiescustom/hurt46",
	  "zombiescustom/hurt47",
	  "zombiescustom/hurt48",
	  "zombiescustom/hurt49",
	  "zombiescustom/hurt50",
	  "zombiescustom/hurt51",
	  "zombiescustom/hurt52",
	  "zombiescustom/hurt53",
	  "zombiescustom/hurt54",
	  "zombiescustom/hurt55",
	  "zombiescustom/hurt56",
	  "zombiescustom/hurt57",
	  "zombiescustom/hurt58",
	  "zombiescustom/hurt59",
	  "zombiescustom/hurt60",
	  "zombiescustom/hurt61",
	  "zombiescustom/hurt62",
	  "zombiescustom/hurt63",
	  "zombiescustom/hurt64",
	  "zombiescustom/hurt65",
	  "zombiescustom/hurt66",
	  "zombiescustom/hurt67",
	  "zombiescustom/hurt68",
	  "zombiescustom/hurt69",
	  "zombiescustom/hurt70",
	  "zombiescustom/hurt71",
	  "zombiescustom/hurt72",
	  "zombiescustom/hurt73",
	  "zombiescustom/hurt74",
	  "zombiescustom/hurt75",
	  "zombiescustom/hurt76",
	  "zombiescustom/hurt77",
	  "zombiescustom/hurt78",
	  "zombiescustom/hurt79",
	  "zombiescustom/hurt80",
	  "zombiescustom/hurt81",
	  "zombiescustom/hurt82",
	  "zombiescustom/hurt83",
	  "zombiescustom/hurt84",
	  "zombiescustom/hurt85",
	  "zombiescustom/hurt86",
	  "zombiescustom/hurt87",
	  "zombiescustom/hurt88",
	  "zombiescustom/hurt89",
	  "zombiescustom/hurt90",
	  "zombiescustom/hurt91",
	  "zombiescustom/hurt92",
	  "zombiescustom/hurt93",
	  "zombiescustom/hurt94",
	  "zombiescustom/hurt95",
	  "zombiescustom/hurt96",
	  "zombiescustom/hurt97",
	  "zombiescustom/hurt98"
		  
    ],
	"subtitles": "subtitles.entity.zombie.hurt"
		  },
"entity.zombie.death": {
	"replace": "true",
    "sounds": [
	"mob/zombie/death",
	"zombiescustom/death2",
    "zombiescustom/death3",
    "zombiescustom/death4",
	"zombiescustom/death5",
	"zombiescustom/death6",
	"zombiescustom/death7",
	"zombiescustom/death8",
	"zombiescustom/death9",
	"zombiescustom/death10"

		  
    ],
	"subtitles": "subtitles.entity.zombie.death"
	  }
}

	